"Title","ID","Owner","Created Date","Updated Date","Type","Link","more"
"吴明涛《白雪》音乐会","01197078-726d-4615-8aee-db9d9e933654","82d3b669-3ab5-4348-9957-1275393def7b",2020-09-27T19:28:52Z,2020-09-27T19:28:52Z,"音乐会","https://m.polyt.cn/activity/cloudTheater/detail/6,22",
"《德龄与慈禧》何冀平携手卢燕×江珊×濮存昕×黄慧慈×郑云龙","016dafbf-6be5-4b15-aa14-a29b29649984","82d3b669-3ab5-4348-9957-1275393def7b",2020-09-27T19:28:56Z,2020-09-27T19:28:56Z,"人物","https://m.polyt.cn/activity/cloudTheater/detail/7,31","黄金班底 打造经典大戏"
"京剧《三寸金莲》","01c1c6c4-debe-4fe6-b18a-e5527cda8f32","82d3b669-3ab5-4348-9957-1275393def7b",2020-09-27T19:28:53Z,2020-09-27T19:28:53Z,"戏曲","https://m.polyt.cn/activity/cloudTheater/detail/4,51",
"琉森音乐节管弦乐团演奏马勒第一交响曲及王羽佳合作普罗科菲耶夫第三协奏曲","01d34c56-2e3b-47c7-9841-7e43207c4ac6","82d3b669-3ab5-4348-9957-1275393def7b",2020-09-27T19:28:53Z,2020-09-27T19:28:53Z,"音乐会","https://m.polyt.cn/activity/cloudTheater/detail/20,13",
"王羽佳带来勃拉姆斯和斯特拉文斯基的经典作品","0216ac5d-3f69-4816-936e-414317368221","82d3b669-3ab5-4348-9957-1275393def7b",2020-09-27T19:28:52Z,2020-09-27T19:28:52Z,"音乐会","https://m.polyt.cn/activity/cloudTheater/detail/9,21","2009韦尔比耶音乐节钢琴家王羽佳经典演奏"
"加拿大国家艺术中心用芭蕾再现维瓦尔第的《四季》 ","02ff8c9d-b260-4177-99b8-8d1458bd466c","82d3b669-3ab5-4348-9957-1275393def7b",2020-09-27T19:28:54Z,2020-09-27T19:28:54Z,"戏剧","https://m.polyt.cn/activity/cloudTheater/detail/12,12","祖克曼带来芭蕾舞版维瓦尔第的《四季》"
"安东尼奥·帕帕诺与萨克森德雷斯顿国立乐团演奏“拉二”","03ad114f-dfc5-4ffa-b8e4-ffb311affd5d","82d3b669-3ab5-4348-9957-1275393def7b",2020-09-27T19:28:52Z,2020-09-27T19:28:52Z,"音乐会","https://m.polyt.cn/activity/cloudTheater/detail/13,22","萨克森德雷斯顿国立乐团演绎本地创作的音乐"
"BBC交响乐团与科林·戴维斯合作贝多芬第三交响曲《英雄》","053f7fce-b98c-4b92-a27f-b6bbd2a9e2dc","82d3b669-3ab5-4348-9957-1275393def7b",2020-09-27T19:28:53Z,2020-09-27T19:28:53Z,"音乐会","https://m.polyt.cn/activity/cloudTheater/detail/21,12",
"2011韦尔比耶音乐节系列——韦尔比耶的勃拉姆斯","0573a35d-957e-4ecc-9bc5-afe50ca4f984","82d3b669-3ab5-4348-9957-1275393def7b",2020-09-27T19:28:52Z,2020-09-27T19:28:52Z,"音乐会","https://m.polyt.cn/activity/cloudTheater/detail/8,21","感受艺术家在韦尔比耶精彩演绎的勃拉姆斯。"
"从另一个视角看歌剧《弄臣》","05837bfe-4de5-4409-8b54-b588f8c810dd","82d3b669-3ab5-4348-9957-1275393def7b",2020-09-27T19:28:56Z,2020-09-27T19:28:56Z,"人物","https://m.polyt.cn/activity/cloudTheater/detail/4,33",
"弗兰克·彼得·齐默尔曼：巴赫奏鸣曲","09694fe3-e0a7-4cb8-a0a0-9eea85765c4d","82d3b669-3ab5-4348-9957-1275393def7b",2020-09-27T19:28:52Z,2020-09-27T19:28:52Z,"音乐会","https://m.polyt.cn/activity/cloudTheater/detail/12,21","齐默尔曼与佩斯合作呈现巴赫奏鸣曲"
"纪录片：柴可夫斯基的故事——作曲家的独白 ","0db56895-e489-4e17-8ad0-be0eecb9b2a4","82d3b669-3ab5-4348-9957-1275393def7b",2020-09-27T19:28:56Z,2020-09-27T19:28:56Z,"人物","https://m.polyt.cn/activity/cloudTheater/detail/10,31","不同侧面为你呈现一个不同的柴可夫斯基"
"京剧《四郎探母》","0e71020b-74b2-43a5-a76e-462adbfa7c7a","82d3b669-3ab5-4348-9957-1275393def7b",2020-09-27T19:28:53Z,2020-09-27T19:28:53Z,"戏曲","https://m.polyt.cn/activity/cloudTheater/detail/5,52",
"歌剧《曼侬·莱斯戈》","0f2c17f7-9fde-4194-93bc-0ca3f81d542d","82d3b669-3ab5-4348-9957-1275393def7b",2020-09-27T19:28:54Z,2020-09-27T19:28:54Z,"戏剧","https://m.polyt.cn/activity/cloudTheater/detail/18,12",
"同舟共济，共抗疫情——沈阳话剧团诗朗诵《逆行者之歌》","0f763aef-0901-4bd5-a8b8-2eac02524a17","82d3b669-3ab5-4348-9957-1275393def7b",2020-09-27T19:28:56Z,2020-09-27T19:28:56Z,"文艺战疫","https://m.polyt.cn/activity/cloudTheater/detail/6,41",
"大型古装湖北花鼓戏《情缘》","115c164c-198a-4737-93c2-6f3df9b47335","82d3b669-3ab5-4348-9957-1275393def7b",2020-09-27T19:28:53Z,2020-09-27T19:28:53Z,"戏曲","https://m.polyt.cn/activity/cloudTheater/detail/4,54",
"陈佩斯访谈《戏台内外》","11bb90e1-7e26-4258-986d-951c433fc206","82d3b669-3ab5-4348-9957-1275393def7b",2020-09-27T19:28:56Z,2020-09-27T19:28:56Z,"人物","https://m.polyt.cn/activity/cloudTheater/detail/3,31",
"韦尔比耶音乐节巡礼-诺赛达指挥威尔第《安魂曲》","165e7d01-2ad6-4d2e-81fe-18764dd8c1c8","82d3b669-3ab5-4348-9957-1275393def7b",2020-09-27T19:28:52Z,2020-09-27T19:28:52Z,"音乐会","https://m.polyt.cn/activity/cloudTheater/detail/19,11",
"吕剧《社区书记》","173d7089-919d-4fb7-9b21-d5563926fd2f","82d3b669-3ab5-4348-9957-1275393def7b",2020-09-27T19:28:53Z,2020-09-27T19:28:53Z,"戏曲","https://m.polyt.cn/activity/cloudTheater/detail/8,52","一个将老旧社区建设成温暖幸福港湾的故事。"
"捷克爱乐-茉莉花/The Czech Philharmonic Orchestra - Jasmine Flower","1763285b-8daa-48bc-a660-a197ef27912e","82d3b669-3ab5-4348-9957-1275393def7b",2020-09-27T19:28:54Z,2020-09-27T19:28:54Z,"文艺战疫","https://m.polyt.cn/activity/cloudTheater/detail/42",
"歌剧《阿尔辛娜》","19f8aaf4-6246-43b1-a045-72ad5c74ad47","82d3b669-3ab5-4348-9957-1275393def7b",2020-09-27T19:28:54Z,2020-09-27T19:28:54Z,"戏剧","https://m.polyt.cn/activity/cloudTheater/detail/17,11",
"怎样“看”懂那些你看不懂的舞","1a15dc45-6822-4046-8881-c29e216b99cf","82d3b669-3ab5-4348-9957-1275393def7b",2020-09-27T19:28:56Z,2020-09-27T19:28:56Z,"人物","https://m.polyt.cn/activity/cloudTheater/detail/5,33",
"大型交响音乐诗画 《长江》","1c234247-c5e0-4447-ad39-4ba5bce574e7","82d3b669-3ab5-4348-9957-1275393def7b",2020-09-27T19:28:52Z,2020-09-27T19:28:52Z,"音乐会","https://m.polyt.cn/activity/cloudTheater/detail/23",
"央华戏剧《新原野》","1cacc6c3-03be-451b-b31d-7dbf99c2a361","82d3b669-3ab5-4348-9957-1275393def7b",2020-09-27T19:28:53Z,2020-09-28T08:22:44Z,"戏剧","https://m.polyt.cn/activity/cloudTheater/detail/12","生命是一条河流，愿你终将获得自由"
"芭蕾舞剧《胡桃夹子》","1cc5df5e-01f1-44d8-8940-18225aa30298","82d3b669-3ab5-4348-9957-1275393def7b",2020-09-27T19:28:54Z,2020-09-27T19:28:54Z,"戏剧","https://m.polyt.cn/activity/cloudTheater/detail/7,11","最优秀的芭蕾舞剧之一，被誉为“圣诞芭蕾”"
"《中芭建团60周年系列展演回顾》","1ceafcca-791f-4bbd-ad8f-c7717f162d79","82d3b669-3ab5-4348-9957-1275393def7b",2020-09-27T19:28:52Z,2020-09-27T19:28:52Z,"直播展映","https://m.polyt.cn/activity/cloudTheater/detail/16,11",
"芭蕾舞大师玛雅·普丽赛茨卡娅《女神之舞》","1e8985ab-e046-4654-b639-68072fbea1e0","82d3b669-3ab5-4348-9957-1275393def7b",2020-09-27T19:28:54Z,2020-09-28T08:21:07Z,"戏剧","https://m.polyt.cn/activity/cloudTheater/detail/15,11",
"京剧《水上灯》","20022a80-c009-4df7-a64f-05645b271e4e","82d3b669-3ab5-4348-9957-1275393def7b",2020-09-27T19:28:53Z,2020-09-27T19:28:53Z,"戏曲","https://m.polyt.cn/activity/cloudTheater/detail/3,51",
"光束在现场|赖声川携胡歌\许晴\金士杰等众主创开启《如梦之梦》十年之约","2031435f-565b-4527-9627-a6e9b871e7df","82d3b669-3ab5-4348-9957-1275393def7b",2020-09-27T19:28:56Z,2020-09-27T19:28:56Z,"人物","https://m.polyt.cn/activity/cloudTheater/detail/5,31",
"纪录片：意大利人的音乐性格 ——有关意大利著名管弦乐团的故事 ","2170326d-2abc-40b0-a234-9fe96d47d0ee","82d3b669-3ab5-4348-9957-1275393def7b",2020-09-27T19:28:56Z,2020-09-27T19:28:56Z,"人物","https://m.polyt.cn/activity/cloudTheater/detail/13,31","从圣切契利亚管弦乐团了解意大利人音乐性格"
"维塔斯演唱会《回家》","2279d412-5143-4769-b3b4-c3d68f9c35fd","82d3b669-3ab5-4348-9957-1275393def7b",2020-09-27T19:28:52Z,2020-09-27T19:28:52Z,"音乐会","https://m.polyt.cn/activity/cloudTheater/detail/22",
"京剧电影版《赵氏孤儿》","235dd004-c44b-4b34-8d79-33b3a83724fd","82d3b669-3ab5-4348-9957-1275393def7b",2020-09-27T19:28:53Z,2020-09-27T19:28:53Z,"戏曲","https://m.polyt.cn/activity/cloudTheater/detail/9,51","一个关于牺牲和复仇的故事"
"“里约之声”——巴西巴巴图克斯身体打击人声乐团","23bbba12-99b6-42a7-b8bd-3a1be92c427d","82d3b669-3ab5-4348-9957-1275393def7b",2020-09-27T19:28:52Z,2020-09-27T19:28:52Z,"音乐会","https://m.polyt.cn/activity/cloudTheater/detail/4,22",
"音乐剧《白夜行》：只希望能手牵手在太阳下散步 ","26db6b1c-4aaf-403d-a720-18bf964c6dc6","82d3b669-3ab5-4348-9957-1275393def7b",2020-09-27T19:28:56Z,2020-09-27T19:28:56Z,"人物","https://m.polyt.cn/activity/cloudTheater/detail/7,32","太阳与人心不可直视"
"现代吕剧《西海地下医院》","272ff3c5-e168-44da-b9d2-1e5125ae5e59","82d3b669-3ab5-4348-9957-1275393def7b",2020-09-27T19:28:53Z,2020-09-27T19:28:53Z,"戏曲","https://m.polyt.cn/activity/cloudTheater/detail/7,52","西海村山花一家舍命保护西海地下医院的故事"
"《花开有时》保利·文艺战疫主题曲","27c27235-60c2-4482-98d9-1af955a68696","82d3b669-3ab5-4348-9957-1275393def7b",2020-09-27T19:28:54Z,2020-09-27T19:28:54Z,"文艺战疫","https://m.polyt.cn/activity/cloudTheater/detail/2,41",
"古巴哈瓦那现代舞团演绎激情奔放的现代舞","28c29c97-9020-45db-ad6c-3a89659c3536","82d3b669-3ab5-4348-9957-1275393def7b",2020-09-27T19:28:54Z,2020-09-27T19:28:54Z,"戏剧","https://m.polyt.cn/activity/cloudTheater/detail/15,12",
"阿格里奇和她的朋友们系列——圣切契利亚管弦乐团","2b3455d9-049b-41a1-b929-b1535f2b793d","82d3b669-3ab5-4348-9957-1275393def7b",2020-09-27T19:28:56Z,2020-09-27T19:28:56Z,"人物","https://m.polyt.cn/activity/cloudTheater/detail/13,32","罗马圣切契利亚管弦乐团鼎力相助"
"法兰克福广播交响乐团音乐会","2dfbdc94-1f61-4ba1-9956-9dc03b774daa","82d3b669-3ab5-4348-9957-1275393def7b",2020-09-27T19:28:52Z,2020-09-27T19:28:52Z,"音乐会","https://m.polyt.cn/activity/cloudTheater/detail/8,22","2020.3.2020.3.12法兰克福黑森广播大厅为您奏响。"
"天津人艺津味话剧《婢女春红》","2e350f0d-1b57-4c77-a7cf-1985f8f25e2c","82d3b669-3ab5-4348-9957-1275393def7b",2020-09-27T19:28:54Z,2020-09-27T19:28:54Z,"戏剧","https://m.polyt.cn/activity/cloudTheater/detail/4,13",
"纪录片：托斯卡尼尼和他说的话","2f024d0d-0c51-46e5-938c-3467ab585bc4","82d3b669-3ab5-4348-9957-1275393def7b",2020-09-27T19:28:56Z,2020-09-27T19:28:56Z,"人物","https://m.polyt.cn/activity/cloudTheater/detail/11,31","通过家庭对话的录音来了解这位伟大的音乐家"
"经典档案-伊戈尔·斯特拉文斯基亲自指挥《火鸟》","2fb2092c-45d8-4ac1-a865-d574bbf056fe","82d3b669-3ab5-4348-9957-1275393def7b",2020-09-27T19:28:56Z,2020-09-27T19:28:56Z,"人物","https://m.polyt.cn/activity/cloudTheater/detail/9,32","斯特拉文斯基亲自指挥乐团演奏《火鸟》"
"基顿·克莱默演奏巴赫无伴奏小提琴奏鸣曲与组曲","30468e61-d21f-4a8e-a208-a0991b4eb6d3","82d3b669-3ab5-4348-9957-1275393def7b",2020-09-27T19:28:52Z,2020-09-27T19:28:52Z,"音乐会","https://m.polyt.cn/activity/cloudTheater/detail/12,22","克莱默演绎巴赫无伴奏小提琴奏鸣曲与组曲"
"央华大戏《北京人》","30558fd3-8c8c-4320-9f8b-fd559757b1a5","82d3b669-3ab5-4348-9957-1275393def7b",2020-09-27T19:28:53Z,2020-09-28T08:23:24Z,"戏剧","https://m.polyt.cn/activity/cloudTheater/detail/11","中国戏剧新经典，"
"圣彼得堡艾夫曼芭蕾舞团送上祝福","34221183-b487-45e7-a715-c57c92e8834d","82d3b669-3ab5-4348-9957-1275393def7b",2020-09-27T19:28:54Z,2020-09-27T19:28:54Z,"文艺战疫","https://m.polyt.cn/activity/cloudTheater/detail/4,41",
"2003年郎朗在卡内基音乐厅首次演出","3559cdff-2c53-4425-8e40-32d3ca205329","82d3b669-3ab5-4348-9957-1275393def7b",2020-09-27T19:28:53Z,2020-09-27T19:28:53Z,"音乐会","https://m.polyt.cn/activity/cloudTheater/detail/27,11",
"黄婷《大提琴基础坐姿和空弦练习》","36a94d17-b3e9-409f-bb0a-2d5ac22c5c88","82d3b669-3ab5-4348-9957-1275393def7b",2020-09-27T19:28:56Z,2020-09-27T19:28:56Z,"人物","https://m.polyt.cn/activity/cloudTheater/detail/3,32",
"布达佩斯节日管弦乐团祝福","37ca0d2f-4606-4534-a29a-fe9e56777585","82d3b669-3ab5-4348-9957-1275393def7b",2020-09-27T19:28:54Z,2020-09-27T19:28:54Z,"文艺战疫","https://m.polyt.cn/activity/cloudTheater/detail/3,42",
"纪录片：探索古典音乐杰作——了解马勒《大地之歌》的创作故事","3c78ff4e-5b1b-4c38-8a1b-b5c17d5133a4","82d3b669-3ab5-4348-9957-1275393def7b",2020-09-27T19:28:56Z,2020-09-27T19:28:56Z,"人物","https://m.polyt.cn/activity/cloudTheater/detail/11,32","马勒认为这是他所创作的“最个人的作品”"
"光束专访 | 蒋雯丽主演《明年此时》，百老汇经典之作，首登中国舞台","3c7f6a7f-3a2e-43e4-9ae4-993a21488640","82d3b669-3ab5-4348-9957-1275393def7b",2020-09-27T19:28:56Z,2020-09-27T19:28:56Z,"人物","https://m.polyt.cn/activity/cloudTheater/detail/4,32",
"京剧《党的女儿》","40ff95dc-1fe6-4de5-982a-ccf65d1c1584","82d3b669-3ab5-4348-9957-1275393def7b",2020-09-27T19:28:53Z,2020-09-27T19:28:53Z,"戏曲","https://m.polyt.cn/activity/cloudTheater/detail/9,52","同名歌剧改编，北京文化艺术基金项目"
"祖宾·梅塔与以色列爱乐乐团演绎经典交响乐作品","413d20ec-f336-45d9-98f9-4cd3a700330a","82d3b669-3ab5-4348-9957-1275393def7b",2020-09-27T19:28:53Z,2020-09-27T19:28:53Z,"音乐会","https://m.polyt.cn/activity/cloudTheater/detail/25,11",
"中国著名女高音歌唱家慕林林：意大利歌剧艺术赏析","418f1062-e7d9-4b78-9c7c-ac262d8ecd85","82d3b669-3ab5-4348-9957-1275393def7b",2020-09-27T19:28:56Z,2020-09-27T19:28:56Z,"人物","https://m.polyt.cn/activity/cloudTheater/detail/3,33",
"原创音乐剧《聂小倩与宁采臣》","42cd4284-9642-4605-81e8-e47fd2cf32f3","82d3b669-3ab5-4348-9957-1275393def7b",2020-09-27T19:28:54Z,2020-09-27T19:28:54Z,"戏剧","https://m.polyt.cn/activity/cloudTheater/detail/6,11",
"张海鸥演奏会（节选）","430cb5e4-3644-4c6b-a559-71887664684e","82d3b669-3ab5-4348-9957-1275393def7b",2020-09-27T19:28:52Z,2020-09-27T19:28:52Z,"音乐会","https://m.polyt.cn/activity/cloudTheater/detail/6,24",
"韦尔比耶音乐节巡礼-20周年特别音乐会","4417db08-e2b7-4351-9cb9-56cf4d4da024","82d3b669-3ab5-4348-9957-1275393def7b",2020-09-27T19:28:52Z,2020-09-27T19:28:52Z,"音乐会","https://m.polyt.cn/activity/cloudTheater/detail/19,12",
"大型原创舞剧《粉墨春秋》（节选）","44fa54f6-8e18-4c20-8657-576ef4e80395","82d3b669-3ab5-4348-9957-1275393def7b",2020-09-27T19:28:54Z,2020-09-27T19:28:54Z,"戏剧","https://m.polyt.cn/activity/cloudTheater/detail/6,13",
"《歌唱的基本方法》主讲人：李宏（国家一级演员）","46558322-8a83-4fff-82d5-248eac799485","82d3b669-3ab5-4348-9957-1275393def7b",2020-09-27T19:28:56Z,2020-09-27T19:28:56Z,"人物","https://m.polyt.cn/activity/cloudTheater/detail/34",
"舞剧《关闭》——来自现实生活的舞蹈 ","47e2ce3f-962f-4f02-b27d-d8c9b02d901b","82d3b669-3ab5-4348-9957-1275393def7b",2020-09-27T19:28:56Z,2020-09-27T19:28:56Z,"人物","https://m.polyt.cn/activity/cloudTheater/detail/14,31","电影手法拍摄的舞剧，封闭的酒吧百态人生"
"音乐剧《钢的琴》","494e6c1a-f758-4d08-aaa2-02fc4309a310","82d3b669-3ab5-4348-9957-1275393def7b",2020-09-27T19:28:55Z,2020-09-27T19:28:55Z,"戏剧","https://m.polyt.cn/activity/cloudTheater/detail/3,12",
"安妮·索菲·冯·奥特与朋友演唱勃拉姆斯作品","4c3e0dbf-47ae-464e-a70d-0126ab2d4c2b","82d3b669-3ab5-4348-9957-1275393def7b",2020-09-27T19:28:52Z,2020-09-27T19:28:52Z,"音乐会","https://m.polyt.cn/activity/cloudTheater/detail/9,22","安妮·索菲·冯·奥特演绎勃拉姆斯的艺术歌曲"
"韦尔比耶音乐节巡礼-王羽佳独奏音乐会","4ed4efb7-6cbb-4ca6-9a03-1b94b5964da9","82d3b669-3ab5-4348-9957-1275393def7b",2020-09-27T19:28:52Z,2020-09-27T19:28:52Z,"音乐会","https://m.polyt.cn/activity/cloudTheater/detail/19,13",
"夏夜弦情—古典吉他独奏、重奏音乐会","4f53b87c-3e31-46c1-b3fc-e6137af277eb","82d3b669-3ab5-4348-9957-1275393def7b",2020-09-27T19:28:52Z,2020-09-27T19:28:52Z,"音乐会","https://m.polyt.cn/activity/cloudTheater/detail/28",
"《来吧，大家一起来！》","508f6de8-6ca3-46d8-b685-711058c80e27","82d3b669-3ab5-4348-9957-1275393def7b",2020-09-27T19:28:56Z,2020-09-27T19:28:56Z,"文艺战疫","https://m.polyt.cn/activity/cloudTheater/detail/6,42",
"“国宝级”表演艺术家梁谷音做客大湖之约","522f46b6-6be6-4470-82a4-a83d98d6c41a","82d3b669-3ab5-4348-9957-1275393def7b",2020-09-27T19:28:56Z,2020-09-27T19:28:56Z,"人物","https://m.polyt.cn/activity/cloudTheater/detail/2,32",
"2003年琉森庆典音乐会-阿巴多与琉森音乐节管弦乐团","52be2ef2-2d90-4e15-a657-8945abee1224","82d3b669-3ab5-4348-9957-1275393def7b",2020-09-27T19:28:52Z,2020-09-27T19:28:52Z,"音乐会","https://m.polyt.cn/activity/cloudTheater/detail/20,11",
"马林斯基芭蕾舞团倾情演绎巴兰钦作品《珠宝》","5348b260-d55f-4511-8072-3ac8dc28304f","82d3b669-3ab5-4348-9957-1275393def7b",2020-09-27T19:28:54Z,2020-09-27T19:28:54Z,"戏剧","https://m.polyt.cn/activity/cloudTheater/detail/8,12","马林斯基剧院完美演绎巴兰钦的三幕芭蕾舞剧。"
"2013年韦尔比耶音乐节——德沃夏克在韦尔比耶","5981225b-1440-4c37-8757-6e3b347106cd","82d3b669-3ab5-4348-9957-1275393def7b",2020-09-27T19:28:52Z,2020-09-27T19:28:52Z,"音乐会","https://m.polyt.cn/activity/cloudTheater/detail/10,21","德沃夏克的钢琴与弦乐五重奏以及第八交响曲"
"胡安·卡尔莫纳弗拉明戈吉他演奏","5e336a05-42a1-4b08-987c-e0bed986ba72","82d3b669-3ab5-4348-9957-1275393def7b",2020-09-27T19:28:52Z,2020-09-27T19:28:52Z,"音乐会","https://m.polyt.cn/activity/cloudTheater/detail/5,24",
"哈萨克斯坦爱乐乐团祝福","5f1f6695-af90-4b04-912a-09ed0f84a994","82d3b669-3ab5-4348-9957-1275393def7b",2020-09-27T19:28:54Z,2020-09-27T19:28:54Z,"文艺战疫","https://m.polyt.cn/activity/cloudTheater/detail/2,42",
"中国儿艺儿童剧《宝船》","5f744a68-30d6-4b60-b466-df9cdf752f17","82d3b669-3ab5-4348-9957-1275393def7b",2020-09-27T19:28:55Z,2020-09-27T19:28:55Z,"戏剧","https://m.polyt.cn/activity/cloudTheater/detail/17",
"中国儿艺儿童剧《宝船》","608f1e87-ab17-4a51-8d32-b4cd68af3cfd","82d3b669-3ab5-4348-9957-1275393def7b",2020-09-27T19:28:53Z,2020-09-27T19:28:53Z,"戏剧","https://m.polyt.cn/activity/cloudTheater/detail/17",
"歌剧 罗西尼《塞维利亚理发师》","60de9daa-ecb8-48e6-b66b-be69044ea676","82d3b669-3ab5-4348-9957-1275393def7b",2020-09-27T19:28:54Z,2020-09-27T19:28:54Z,"戏剧","https://m.polyt.cn/activity/cloudTheater/detail/5,13",
"俄罗斯女钢琴家齐伯尔斯坦钢琴音乐会","612e6a5f-b5ec-46b4-aaef-95945faf50ba","82d3b669-3ab5-4348-9957-1275393def7b",2020-09-27T19:28:52Z,2020-09-27T19:28:52Z,"音乐会","https://m.polyt.cn/activity/cloudTheater/detail/3,21",
"“抗疫情”原创歌曲《因为爱》","6138f6cb-3c47-415e-a54f-bb21fb3f2015","82d3b669-3ab5-4348-9957-1275393def7b",2020-09-27T19:28:54Z,2020-09-27T19:28:54Z,"文艺战疫","https://m.polyt.cn/activity/cloudTheater/detail/46",
"光束在现场 |《北京人》：中国新贵族黎明前的挽歌和黎明后的新生","61e5c76e-856f-4ca2-927d-5e56853d0b15","82d3b669-3ab5-4348-9957-1275393def7b",2020-09-27T19:28:56Z,2020-09-27T19:28:56Z,"人物","https://m.polyt.cn/activity/cloudTheater/detail/4,31",
"舞蹈表演——霍尔斯特《行星组曲》","6247cc2a-91df-424e-a9d6-0539f65bc790","82d3b669-3ab5-4348-9957-1275393def7b",2020-09-27T19:28:54Z,2020-09-27T19:28:54Z,"戏剧","https://m.polyt.cn/activity/cloudTheater/detail/14,12","芭蕾现代舞花样滑冰展现星际世界"
"中山音乐堂重张二十周年庆典音乐会","63f3e26b-0ac6-49ba-9a84-086a9ac4c486","82d3b669-3ab5-4348-9957-1275393def7b",2020-09-27T19:28:52Z,2020-09-27T19:28:52Z,"音乐会","https://m.polyt.cn/activity/cloudTheater/detail/2,22",
"2013年韦尔比耶音乐节","6671e340-64c8-4b4f-bf55-057c35ed15fe","82d3b669-3ab5-4348-9957-1275393def7b",2020-09-27T19:28:53Z,2020-09-27T19:28:53Z,"音乐会","https://m.polyt.cn/activity/cloudTheater/detail/28,11","卡瓦科斯与王羽佳演奏勃拉姆斯奏鸣曲"
"首席猫玩转音符系列音乐课堂","676cd96c-e90c-4434-a958-917131fdc7bd","82d3b669-3ab5-4348-9957-1275393def7b",2020-09-27T19:28:56Z,2020-09-27T19:28:56Z,"人物","https://m.polyt.cn/activity/cloudTheater/detail/31",
"中国儿艺儿童剧《宝船》","68347c5b-8a02-4b09-a254-db1e9fc09ea8","82d3b669-3ab5-4348-9957-1275393def7b",2020-09-27T19:28:55Z,2020-09-27T19:28:55Z,"戏剧","https://m.polyt.cn/activity/cloudTheater/detail/17",
"民族歌剧《尘埃落定》","6ba0e1b3-fc56-4dc8-8ed8-65a1390f82c5","82d3b669-3ab5-4348-9957-1275393def7b",2020-09-27T19:28:55Z,2020-09-27T19:28:55Z,"戏剧","https://m.polyt.cn/activity/cloudTheater/detail/3,13",
"韦尔比耶音乐节管弦乐团祝福","6c757597-1889-4710-9ef6-60d662d51d9f","82d3b669-3ab5-4348-9957-1275393def7b",2020-09-27T19:28:56Z,2020-09-27T19:34:38Z,"文艺战疫","https://m.polyt.cn/activity/cloudTheater/detail/5,41",
"“维也纳森林的故事”——奥地利凯林格尔爱乐乐团","6e117030-1fda-4e0b-b2cd-ccdb6161e1a0","82d3b669-3ab5-4348-9957-1275393def7b",2020-09-27T19:28:52Z,2020-09-27T19:28:52Z,"音乐会","https://m.polyt.cn/activity/cloudTheater/detail/6,21",
"纪录片：弗兰克·彼得·齐默尔曼——我与巴赫","6eda7e27-6038-487a-a9b6-f918f8ce731d","82d3b669-3ab5-4348-9957-1275393def7b",2020-09-27T19:28:56Z,2020-09-27T19:28:56Z,"人物","https://m.polyt.cn/activity/cloudTheater/detail/12,31","小提琴家齐默尔曼讲述自己演奏巴赫的故事"
"大型原创黄梅戏《太白醉》","70e51340-6479-4cd7-ac67-1b25aedb9c2b","82d3b669-3ab5-4348-9957-1275393def7b",2020-09-27T19:28:53Z,2020-09-27T19:28:53Z,"戏曲","https://m.polyt.cn/activity/cloudTheater/detail/2,53",
"2018国家大剧院“舒伯特之夜”维也纳广播交响乐团音乐会","7127f094-c485-4958-9bce-1d5bb38b0cab","82d3b669-3ab5-4348-9957-1275393def7b",2020-09-27T19:28:52Z,2020-09-27T19:28:52Z,"音乐会","https://m.polyt.cn/activity/cloudTheater/detail/4,21",
"新编历史京剧《戚继光》","7206d799-935f-4b82-aa25-b022e6ba3549","82d3b669-3ab5-4348-9957-1275393def7b",2020-09-27T19:28:53Z,2020-09-27T19:28:53Z,"戏曲","https://m.polyt.cn/activity/cloudTheater/detail/7,51","民族英雄戚继光抗击倭寇保家卫国的英雄故事"
"朗朗的《第三维度》","72203ea1-340d-448b-831b-2385e42242d3","82d3b669-3ab5-4348-9957-1275393def7b",2020-09-27T19:28:53Z,2020-09-27T19:28:53Z,"音乐会","https://m.polyt.cn/activity/cloudTheater/detail/27,12",
"著名节目主持人张悦做客大湖之约","72fb9267-e266-4f9f-aec9-c28aadd56426","82d3b669-3ab5-4348-9957-1275393def7b",2020-09-27T19:28:56Z,2020-09-27T19:34:49Z,"人物","https://m.polyt.cn/activity/cloudTheater/detail/2,31",
"原创大型黄梅戏《槐花谣》","74fff3bf-0c78-401a-b99b-48bcb0bf612f","82d3b669-3ab5-4348-9957-1275393def7b",2020-09-27T19:28:53Z,2020-09-27T19:28:53Z,"戏剧","https://m.polyt.cn/activity/cloudTheater/detail/18",
"方旭导演作品 话剧《老李对爱的幻想》","76a90079-0a7a-415e-9b2c-e9423c0886f3","82d3b669-3ab5-4348-9957-1275393def7b",2020-09-27T19:28:54Z,2020-09-27T19:28:54Z,"戏剧","https://m.polyt.cn/activity/cloudTheater/detail/8,11","改编自老舍同名戏剧作品，经典不容错过。"
"歌剧 威尔第《阿依达》","76be00fb-e41b-4a44-9881-09d23a799c2d","82d3b669-3ab5-4348-9957-1275393def7b",2020-09-27T19:28:54Z,2020-09-27T19:28:54Z,"戏剧","https://m.polyt.cn/activity/cloudTheater/detail/5,11",
"吉岛合唱团-The Music’s Always There With You","77261213-82a6-4dce-8d19-d49a772f7ebe","82d3b669-3ab5-4348-9957-1275393def7b",2020-09-27T19:28:52Z,2020-09-27T19:28:52Z,"音乐会","https://m.polyt.cn/activity/cloudTheater/detail/26",
"舞剧《大河之舞》","78ce8a22-1de3-4239-afc5-f8d850ad71a9","82d3b669-3ab5-4348-9957-1275393def7b",2020-09-27T19:28:53Z,2020-09-27T19:28:53Z,"戏剧","https://m.polyt.cn/activity/cloudTheater/detail/2,12",
"光束在现场 | 万方携手拉姆尼 新剧《你还弹吉他吗》聚焦女性成长 ","79d99191-289d-4220-b71d-b44f250a0cdd","82d3b669-3ab5-4348-9957-1275393def7b",2020-09-27T19:28:56Z,2020-09-27T19:28:56Z,"人物","https://m.polyt.cn/activity/cloudTheater/detail/8,32","万方携手拉姆尼，聚焦女性成长。"
"京剧《白蛇传》","7a908f3c-3abd-4352-8696-d4f34cd4db0b","82d3b669-3ab5-4348-9957-1275393def7b",2020-09-27T19:28:53Z,2020-09-27T19:28:53Z,"戏曲","https://m.polyt.cn/activity/cloudTheater/detail/6,51",
"光束专访：周涛《情书》首秀：纸短情长，我的故事都关于你","7cbf7689-d843-4340-bb70-c01a3c0312e2","82d3b669-3ab5-4348-9957-1275393def7b",2020-09-27T19:28:56Z,2020-09-27T19:28:56Z,"人物","https://m.polyt.cn/activity/cloudTheater/detail/6,33",
"歌剧世界——里昂歌剧院的传统与现代","7da59b87-7f2f-40b5-b98a-0a534639820a","82d3b669-3ab5-4348-9957-1275393def7b",2020-09-27T19:28:56Z,2020-09-27T19:28:56Z,"人物","https://m.polyt.cn/activity/cloudTheater/detail/14,32","300年历史的歌剧院，传统现代结合的典范"
"乐心飞扬—宋飞从教20周年师生胡琴音乐会","7e73bd34-4231-49bc-970b-0e41d57b82c3","82d3b669-3ab5-4348-9957-1275393def7b",2020-09-27T19:28:52Z,2020-09-27T19:28:52Z,"音乐会","https://m.polyt.cn/activity/cloudTheater/detail/3,22",
"原创黄梅戏儿童剧《彩虹森林》","7eb409f1-6b15-4f5a-b270-d84b64883dcc","82d3b669-3ab5-4348-9957-1275393def7b",2020-09-27T19:28:53Z,2020-09-27T19:28:53Z,"戏曲","https://m.polyt.cn/activity/cloudTheater/detail/2,54",
"莫斯科柴可夫斯基音乐学院交响乐团2020新年音乐会","7f64e144-ab8c-41c3-be52-c6e1d8749ce9","82d3b669-3ab5-4348-9957-1275393def7b",2020-09-27T19:28:52Z,2020-09-27T19:28:52Z,"音乐会","https://m.polyt.cn/activity/cloudTheater/detail/2,21",
"首席猫玩转音符系列音乐课堂","806c8a36-1a28-4b30-b68f-941904799ba5","82d3b669-3ab5-4348-9957-1275393def7b",2020-09-27T19:28:56Z,2020-09-27T19:28:56Z,"人物","https://m.polyt.cn/activity/cloudTheater/detail/31",
"章红艳·天边情歌—2020弹拨·击乐民乐金曲新年音乐会","80e7d0df-6fcd-4a9e-be9c-f0fc65386a70","82d3b669-3ab5-4348-9957-1275393def7b",2020-09-27T19:28:52Z,2020-09-27T19:28:52Z,"音乐会","https://m.polyt.cn/activity/cloudTheater/detail/2,23",
"光束专访|《我，堂吉诃德》：一个伟大的故事 ，一曲理想主义的颂","8333fb7c-37c3-4015-a369-07a6fab12c4e","82d3b669-3ab5-4348-9957-1275393def7b",2020-09-27T19:28:56Z,2020-09-27T19:28:56Z,"人物","https://m.polyt.cn/activity/cloudTheater/detail/5,32",
"加拿大国家芭蕾舞团演绎特拉文斯基经典之作《火鸟》","85943f7d-2334-415a-acbc-807e3c7a02ab","82d3b669-3ab5-4348-9957-1275393def7b",2020-09-27T19:28:54Z,2020-09-27T19:28:54Z,"戏剧","https://m.polyt.cn/activity/cloudTheater/detail/16,12",
"德国波恩歌剧院送上诚挚祝福","868898b7-63e0-4e4e-ab4e-ea0cafecc75e","82d3b669-3ab5-4348-9957-1275393def7b",2020-09-27T19:28:54Z,2020-09-27T19:28:54Z,"文艺战疫","https://m.polyt.cn/activity/cloudTheater/detail/4,42",
"西班牙皇家剧院演绎编舞大师安东尼奥·加德斯作品《血婚》","87dfc894-fcb7-423e-8ea3-29ffef6c0f8c","82d3b669-3ab5-4348-9957-1275393def7b",2020-09-27T19:28:54Z,2020-09-28T08:20:47Z,"戏剧","https://m.polyt.cn/activity/cloudTheater/detail/15,13",
"“抗疫情”原创歌曲《生命重于泰山》","8a57c193-265d-4f3a-b304-5cc8cee78977","82d3b669-3ab5-4348-9957-1275393def7b",2020-09-27T19:28:54Z,2020-09-27T19:28:54Z,"文艺战疫","https://m.polyt.cn/activity/cloudTheater/detail/44",
"2015巴登-巴登音乐节 弗雷德·霍内克与柏林爱乐携手马友友演绎大师之作","8a9a568f-0615-4ce7-8c29-8ffbf4ecc62d","82d3b669-3ab5-4348-9957-1275393def7b",2020-09-27T19:28:53Z,2020-09-27T19:28:53Z,"音乐会","https://m.polyt.cn/activity/cloudTheater/detail/23,12",
"首席猫玩转音符——音乐启蒙趣味课堂","8b4e75a0-5095-4c72-a37b-3ebdd72fa38d","82d3b669-3ab5-4348-9957-1275393def7b",2020-09-27T19:28:56Z,2020-09-27T19:28:56Z,"人物","https://m.polyt.cn/activity/cloudTheater/detail/31",
"安瑞娜·德姆斯金歌剧秀","8dbf0dde-615f-46ba-8bad-b52b4f1ca4ee","82d3b669-3ab5-4348-9957-1275393def7b",2020-09-27T19:28:52Z,2020-09-28T08:20:15Z,"音乐会","https://m.polyt.cn/activity/cloudTheater/detail/21",
"央华戏剧《海鸥》","8f364304-7853-474a-95dd-4e584b7851a9","82d3b669-3ab5-4348-9957-1275393def7b",2020-09-27T19:28:53Z,2020-09-28T08:22:54Z,"戏剧","https://m.polyt.cn/activity/cloudTheater/detail/13","赖声川+契诃夫，大师的灵魂对话"
"舞剧《大河之舞2起舞狂澜》","91b5c58f-a404-423d-80d6-ff227ab04b5c","82d3b669-3ab5-4348-9957-1275393def7b",2020-09-27T19:28:55Z,2020-09-27T19:28:55Z,"戏剧","https://m.polyt.cn/activity/cloudTheater/detail/2,13",
"吉岛少儿合唱团《过年歌》","91f6069b-6684-4a0b-8b9e-3813af6d7cae","82d3b669-3ab5-4348-9957-1275393def7b",2020-09-27T19:28:52Z,2020-09-27T19:28:52Z,"音乐会","https://m.polyt.cn/activity/cloudTheater/detail/25",
"以色列爱乐乐团抗击疫情音乐会","94188947-ee94-487e-9447-8b1990cd3d91","82d3b669-3ab5-4348-9957-1275393def7b",2020-09-27T19:28:52Z,2020-09-27T19:28:52Z,"音乐会","https://m.polyt.cn/activity/cloudTheater/detail/5,21",
"祖宾·梅塔与维也纳爱乐","95cb6490-706f-4fa6-8b71-0f6fece8facf","82d3b669-3ab5-4348-9957-1275393def7b",2020-09-27T19:28:53Z,2020-09-27T19:28:53Z,"音乐会","https://m.polyt.cn/activity/cloudTheater/detail/22,12",
"柏林爱乐 2017年欧洲音乐会","97dcb077-0ab2-47d9-950b-f8908d64303e","82d3b669-3ab5-4348-9957-1275393def7b",2020-09-27T19:28:52Z,2020-09-27T19:28:52Z,"音乐会","https://m.polyt.cn/activity/cloudTheater/detail/7,21","柏林爱乐来到塞浦路斯帕福斯"
"经典档案：年轻的阿格里奇演奏柴可夫斯基第一钢琴协奏曲","9b1c65d4-9713-45dd-a25f-47cbd06266ff","82d3b669-3ab5-4348-9957-1275393def7b",2020-09-27T19:28:52Z,2020-09-27T19:28:52Z,"音乐会","https://m.polyt.cn/activity/cloudTheater/detail/10,22","1977年的她演奏柴可夫斯基和普罗科菲耶夫"
"话剧《又一个黎明》","9be30a39-3875-4e3c-96fd-970438cba698","82d3b669-3ab5-4348-9957-1275393def7b",2020-09-27T19:28:53Z,2020-09-28T08:23:30Z,"戏剧","https://m.polyt.cn/activity/cloudTheater/detail/15",
"威尔第音乐节乐团及祖宾·梅塔带来威尔第百年巨星音乐会","9dfe09d5-1c52-4d74-a2fd-acbe208542cb","82d3b669-3ab5-4348-9957-1275393def7b",2020-09-27T19:28:52Z,2020-09-27T19:28:52Z,"音乐会","https://m.polyt.cn/activity/cloudTheater/detail/13,21","2001年意大利威尔第音乐节特别音乐会"
"方言集锦！全国保利剧院人为武汉加油！","a1fa05ba-0df3-472a-9cf2-d9f7ddca60d8","82d3b669-3ab5-4348-9957-1275393def7b",2020-09-27T19:28:54Z,2020-09-27T19:28:54Z,"文艺战疫","https://m.polyt.cn/activity/cloudTheater/detail/41",
"法语音乐剧版音乐会《悲惨世界》","a4dbdc7a-6623-4682-9f98-a56f2d42e712","82d3b669-3ab5-4348-9957-1275393def7b",2020-09-27T19:28:53Z,2020-09-27T19:28:53Z,"戏剧","https://m.polyt.cn/activity/cloudTheater/detail/2,11",
"北方昆曲剧院《红楼梦·宝黛相见》","a513b946-8f71-4ea9-b33c-2ee0a6317fa6","82d3b669-3ab5-4348-9957-1275393def7b",2020-09-27T19:28:53Z,2020-09-27T19:28:53Z,"戏曲","https://m.polyt.cn/activity/cloudTheater/detail/2,51",
"现代湖北花鼓戏《拦花轿》","a58fce86-d128-4098-8b52-1b664f16f936","82d3b669-3ab5-4348-9957-1275393def7b",2020-09-27T19:28:53Z,2020-09-27T19:28:53Z,"戏曲","https://m.polyt.cn/activity/cloudTheater/detail/4,53",
"探索古典音乐杰作 - 斯特拉文斯基《春之祭》 ","a6f92c93-82d8-4259-aa84-97ee4c3fb004","82d3b669-3ab5-4348-9957-1275393def7b",2020-09-27T19:28:56Z,2020-09-27T19:28:56Z,"人物","https://m.polyt.cn/activity/cloudTheater/detail/9,31","钢琴家讲述经典作品《春之祭》的首演故事"
"中英双语儿童音乐剧《我们的糖果屋》","a75992c6-3327-4668-93ae-f1201e62d4fb","82d3b669-3ab5-4348-9957-1275393def7b",2020-09-27T19:28:54Z,2020-09-28T08:16:44Z,"戏剧","https://m.polyt.cn/activity/cloudTheater/detail/6,12","讲述爱与勇敢的故事"
"常熟市艺术大讲堂——听何占豪讲述《梁祝》的创作之路","a81cbc57-f1c9-47f7-902b-37cd54fe9729","82d3b669-3ab5-4348-9957-1275393def7b",2020-09-27T19:28:56Z,2020-09-27T19:28:56Z,"人物","https://m.polyt.cn/activity/cloudTheater/detail/32",
"马林斯基剧院捷杰耶夫与多明戈祝福","a828ed99-85fa-41d2-834c-f8616ae89586","82d3b669-3ab5-4348-9957-1275393def7b",2020-09-27T19:28:56Z,2020-09-27T19:28:56Z,"文艺战疫","https://m.polyt.cn/activity/cloudTheater/detail/5,42",
"音乐剧《王二的长征》","ac08ba2b-b409-4541-82eb-0245e92bf58c","82d3b669-3ab5-4348-9957-1275393def7b",2020-09-27T19:28:55Z,2020-09-27T19:28:55Z,"戏剧","https://m.polyt.cn/activity/cloudTheater/detail/3,11",
"话剧《冬皇—孟小冬传》","ac58e6ac-03ac-48c8-9120-5c77baf85408","82d3b669-3ab5-4348-9957-1275393def7b",2020-09-27T19:28:53Z,2020-09-27T19:28:53Z,"戏剧","https://m.polyt.cn/activity/cloudTheater/detail/16",
"“非比寻常”——卢森堡“绝对码头”爵士乐队 Dock in Absolute","ad0227ed-2cdd-4fae-b573-a7444f02a8f2","82d3b669-3ab5-4348-9957-1275393def7b",2020-09-27T19:28:52Z,2020-09-27T19:28:52Z,"音乐会","https://m.polyt.cn/activity/cloudTheater/detail/7,22","将爵士、古典和摇滚乐结合并不断推向极致"
"艾班四重奏在韦尔比耶","ad602945-43ab-45ff-af6e-5b7b4ac98cd2","82d3b669-3ab5-4348-9957-1275393def7b",2020-09-27T19:28:53Z,2020-09-27T19:28:53Z,"音乐会","https://m.polyt.cn/activity/cloudTheater/detail/26,12",
"天津人艺津味话剧《蛐蛐四爷》","ad6e81ff-8648-4ab8-a823-e5f5c3febf5a","82d3b669-3ab5-4348-9957-1275393def7b",2020-09-27T19:28:54Z,2020-09-27T19:28:54Z,"戏剧","https://m.polyt.cn/activity/cloudTheater/detail/4,14",
"贝嘉芭蕾舞团根据《贝多芬第九交响曲》编舞的现代芭蕾","ae10d575-4bd2-45fd-add1-7de1c3a98971","82d3b669-3ab5-4348-9957-1275393def7b",2020-09-27T19:28:54Z,2020-09-27T19:28:54Z,"戏剧","https://m.polyt.cn/activity/cloudTheater/detail/16,13",
"龚琳娜24节气古诗词音乐会","aef39e21-b06f-4e93-88fb-3ac6dacdc0a4","82d3b669-3ab5-4348-9957-1275393def7b",2020-09-27T19:28:52Z,2020-09-27T19:28:52Z,"音乐会","https://m.polyt.cn/activity/cloudTheater/detail/5,23",
"2015巴登-巴登音乐节 伯纳德·海廷克与柏林爱乐演绎贝多芬","b193f457-fcbe-4d1c-a008-63ce5e92c6d4","82d3b669-3ab5-4348-9957-1275393def7b",2020-09-27T19:28:53Z,2020-09-27T19:28:53Z,"音乐会","https://m.polyt.cn/activity/cloudTheater/detail/23,11",
"莱比锡芭蕾舞团的《卓别林》，带你进入喜剧大师的世界","b4ca1c6b-74d1-4e38-8036-9ce5707ed9d0","82d3b669-3ab5-4348-9957-1275393def7b",2020-09-27T19:28:54Z,2020-09-27T19:28:54Z,"戏剧","https://m.polyt.cn/activity/cloudTheater/detail/9,11","呈现喜剧大师真正的世界"
"湖南民族乐团2020新年音乐会","b7fd610e-ce09-43b5-9669-b501929b2d82","82d3b669-3ab5-4348-9957-1275393def7b",2020-09-27T19:28:52Z,2020-09-27T19:28:52Z,"音乐会","https://m.polyt.cn/activity/cloudTheater/detail/3,23",
"“抗疫情”原创歌曲《我爱这土地》","b81fbf83-0d74-49b1-ae47-d8a567f38244","82d3b669-3ab5-4348-9957-1275393def7b",2020-09-27T19:28:54Z,2020-09-27T19:28:54Z,"文艺战疫","https://m.polyt.cn/activity/cloudTheater/detail/45",
"珠落玉盘——琵琶艺术家吴玉霞音乐会精选","ba79d15f-f6df-4862-b0b0-1902d1e42096","82d3b669-3ab5-4348-9957-1275393def7b",2020-09-27T19:28:52Z,2020-09-27T19:28:52Z,"音乐会","https://m.polyt.cn/activity/cloudTheater/detail/2,24",
"歌剧《茶花女》","bc0b5147-9f53-4961-b1bc-64fb9794fc60","82d3b669-3ab5-4348-9957-1275393def7b",2020-09-27T19:28:54Z,2020-09-27T19:28:54Z,"戏剧","https://m.polyt.cn/activity/cloudTheater/detail/17,12",
"音乐会：2003琉森音乐节—— 阿巴多指挥马勒第二交响曲","bd02ec4d-2754-4677-872f-8d7428cf0707","82d3b669-3ab5-4348-9957-1275393def7b",2020-09-27T19:28:52Z,2020-09-27T19:28:52Z,"音乐会","https://m.polyt.cn/activity/cloudTheater/detail/11,21","阿巴多创建的琉森音乐节管弦乐团的精彩首演"
"法语音乐剧全明星阵容《Together》应援中国——我们与中国同在","be5c482b-2f7f-4dcc-99d7-a017ad35ce97","82d3b669-3ab5-4348-9957-1275393def7b",2020-09-27T19:28:54Z,2020-09-27T19:28:54Z,"文艺战疫","https://m.polyt.cn/activity/cloudTheater/detail/3,41",
"“浪奔浪涌·艺路向东”2020上海东方艺术中心云公益专场在线义演","bfb968ef-0735-40b5-8246-b39635c1fdbd","82d3b669-3ab5-4348-9957-1275393def7b",2020-09-27T19:28:52Z,2020-09-27T19:28:52Z,"直播展映","https://m.polyt.cn/activity/cloudTheater/detail/12,71","2020上海东方艺术中心云公益专场"
"芭蕾舞剧《天鹅湖》","c160c893-6dae-48cf-be1c-7624235137be","82d3b669-3ab5-4348-9957-1275393def7b",2020-09-27T19:28:54Z,2020-09-27T19:28:54Z,"戏剧","https://m.polyt.cn/activity/cloudTheater/detail/7,12","世界上最著名的芭蕾舞剧之一"
"常熟艺术大讲堂——让孔祥东告诉你如何感受静谧的力量","c2419844-6ace-4946-8177-830e0de687fe","82d3b669-3ab5-4348-9957-1275393def7b",2020-09-27T19:28:56Z,2020-09-27T19:28:56Z,"人物","https://m.polyt.cn/activity/cloudTheater/detail/2,33",
"在线精品课程之《表演分享》","c24e0765-3a99-4974-9050-6bb37587d887","82d3b669-3ab5-4348-9957-1275393def7b",2020-09-27T19:28:56Z,2020-09-27T19:28:56Z,"人物","https://m.polyt.cn/activity/cloudTheater/detail/6,31",
"京剧《红鬃烈马》","c40fd58a-cb72-4c08-ba97-8d52bff8fc6e","82d3b669-3ab5-4348-9957-1275393def7b",2020-09-27T19:28:53Z,2020-09-27T19:28:53Z,"戏曲","https://m.polyt.cn/activity/cloudTheater/detail/6,52",
"“情迷哈瓦那”纪念中古建交70周年——古巴李斯特·阿方索舞团","c4479a06-db22-465d-bf3e-1b6412c3d3b8","82d3b669-3ab5-4348-9957-1275393def7b",2020-09-27T19:28:52Z,2020-09-27T19:28:52Z,"音乐会","https://m.polyt.cn/activity/cloudTheater/detail/5,22",
"纪录片：二十世纪音乐世界的灵魂人物之一——伦纳德·伯恩斯坦的思考","c4e7132c-3f03-4656-bcc1-2b1217938aeb","82d3b669-3ab5-4348-9957-1275393def7b",2020-09-27T19:28:56Z,2020-09-27T19:28:56Z,"人物","https://m.polyt.cn/activity/cloudTheater/detail/9,32","带你全面了解伦纳德·伯恩斯坦"
"首席猫玩转音符——音乐启蒙趣味课堂","c5c50489-0f34-4f20-9da2-a3da5a77f93f","82d3b669-3ab5-4348-9957-1275393def7b",2020-09-27T19:28:56Z,2020-09-27T19:28:56Z,"人物","https://m.polyt.cn/activity/cloudTheater/detail/31",
"天津人艺原创历史话剧《天下粮田》","c6ac28e0-7159-40f7-8fb5-f1863d3f4ac9","82d3b669-3ab5-4348-9957-1275393def7b",2020-09-27T19:28:55Z,2020-09-27T19:28:55Z,"戏剧","https://m.polyt.cn/activity/cloudTheater/detail/4,11",
"穆蒂与维也纳爱乐","c7903f84-26e6-4bc1-9014-b0913fe25277","82d3b669-3ab5-4348-9957-1275393def7b",2020-09-27T19:28:53Z,2020-09-27T19:28:53Z,"音乐会","https://m.polyt.cn/activity/cloudTheater/detail/22,11",
"民族管弦乐《潇湘水云》","c8f18fcd-4627-47fd-8208-496f4bb9b75d","82d3b669-3ab5-4348-9957-1275393def7b",2020-09-27T19:28:52Z,2020-09-27T19:28:52Z,"音乐会","https://m.polyt.cn/activity/cloudTheater/detail/3,24",
"《花开有时》保利·文艺战疫主题曲","c96f9c8c-b859-401e-a1dc-d8af8d16d30b","82d3b669-3ab5-4348-9957-1275393def7b",2020-09-27T19:28:54Z,2020-09-27T19:28:54Z,"文艺战疫","https://m.polyt.cn/activity/cloudTheater/detail/2,41",
"管风琴艺术家沈媛音乐会精选","ca1f58f1-746c-42fe-9789-849732e35be7","82d3b669-3ab5-4348-9957-1275393def7b",2020-09-27T19:28:52Z,2020-09-27T19:28:52Z,"音乐会","https://m.polyt.cn/activity/cloudTheater/detail/4,23",
"话剧版《海洋天堂》（节选）","cb287226-6a42-4246-9d12-db9dbddceb0b","82d3b669-3ab5-4348-9957-1275393def7b",2020-09-27T19:28:54Z,2020-09-27T19:28:54Z,"戏剧","https://m.polyt.cn/activity/cloudTheater/detail/6,14",
"吉里·贝洛拉维克与佐尔坦演奏莫扎特第23钢琴协奏曲","cb9ad704-1275-4f8f-900e-59d6f673b8c4","82d3b669-3ab5-4348-9957-1275393def7b",2020-09-27T19:28:53Z,2020-09-27T19:28:53Z,"音乐会","https://m.polyt.cn/activity/cloudTheater/detail/25,12",
"维也纳爱乐乐团祝福","ce83b0ee-ad02-4247-8a32-58f8d319456b","82d3b669-3ab5-4348-9957-1275393def7b",2020-09-27T19:28:54Z,2020-09-27T19:28:54Z,"文艺战疫","https://m.polyt.cn/activity/cloudTheater/detail/2,43",
"米歇尔·达尔贝托-月光/Michel Dalberto - Moonlight","cf2405eb-a9af-42fd-b657-60d8dab612ad","82d3b669-3ab5-4348-9957-1275393def7b",2020-09-27T19:28:54Z,2020-09-28T08:17:52Z,"文艺战疫","https://m.polyt.cn/activity/cloudTheater/detail/43",
"花鼓戏《河西村的故事》","cf70f08a-5447-4162-9a86-c7ff64e5da36","82d3b669-3ab5-4348-9957-1275393def7b",2020-09-27T19:28:53Z,2020-09-27T19:28:53Z,"戏曲","https://m.polyt.cn/activity/cloudTheater/detail/3,53",
"《黄金三镖客》电影原音音乐会","d0a0f178-ec13-47a7-a30b-83cb52e40f55","82d3b669-3ab5-4348-9957-1275393def7b",2020-09-27T19:28:52Z,2020-09-27T19:28:52Z,"音乐会","https://m.polyt.cn/activity/cloudTheater/detail/14,21","带你走入莫里康内的“决斗”"
"芭蕾舞剧《吉赛尔》","d12b3e4c-1279-4d65-82f1-50854a9c1d26","82d3b669-3ab5-4348-9957-1275393def7b",2020-09-27T19:28:54Z,2020-09-27T19:28:54Z,"戏剧","https://m.polyt.cn/activity/cloudTheater/detail/5,14",
"韦尔比耶室内乐团2010","d5b81780-9006-48bc-8710-6df80df99923","82d3b669-3ab5-4348-9957-1275393def7b",2020-09-27T19:28:53Z,2020-09-27T19:28:53Z,"音乐会","https://m.polyt.cn/activity/cloudTheater/detail/26,11",
"天津人艺津味话剧《海河人家》","d7983f79-b64e-4872-a454-89f7fd071037","82d3b669-3ab5-4348-9957-1275393def7b",2020-09-27T19:28:55Z,2020-09-27T19:28:55Z,"戏剧","https://m.polyt.cn/activity/cloudTheater/detail/4,12",
"交响组曲《梦桥》—第四乐章《献给大海》","d82a3b43-433c-4d38-b11c-26c36a38f1b5","82d3b669-3ab5-4348-9957-1275393def7b",2020-09-27T19:28:52Z,2020-09-27T19:28:52Z,"音乐会","https://m.polyt.cn/activity/cloudTheater/detail/27",
"纪录片《经典马友友》","d83770b2-b875-4150-a227-ee81c11c66c2","82d3b669-3ab5-4348-9957-1275393def7b",2020-09-27T19:28:53Z,2020-09-27T19:28:53Z,"音乐会","https://m.polyt.cn/activity/cloudTheater/detail/28,12","演出排练片段及好友访谈、感受马友友的文化探索"
"2016年欧洲青年古典音乐节集锦","d8522471-0f92-46bd-ab71-e9dad9d3979f","82d3b669-3ab5-4348-9957-1275393def7b",2020-09-27T19:28:53Z,2020-09-27T19:28:53Z,"音乐会","https://m.polyt.cn/activity/cloudTheater/detail/24,11",
"基顿·克莱默与玛莎·阿格里奇——音乐会的记忆","e174af8a-80ec-4120-ad53-39b9f9bb0836","82d3b669-3ab5-4348-9957-1275393def7b",2020-09-27T19:28:56Z,2020-09-27T19:28:56Z,"人物","https://m.polyt.cn/activity/cloudTheater/detail/12,32","通过音乐会的回忆了解这位“魔鬼小提琴家”"
"歌剧 莫扎特《魔笛》","e25e0be1-ad3f-4e02-affc-89b95394a835","82d3b669-3ab5-4348-9957-1275393def7b",2020-09-27T19:28:54Z,2020-09-27T19:28:54Z,"戏剧","https://m.polyt.cn/activity/cloudTheater/detail/5,12",
"2017年欧洲青年古典音乐节集锦","e3c1520b-95a3-46d4-a312-eaef61417f85","82d3b669-3ab5-4348-9957-1275393def7b",2020-09-27T19:28:53Z,2020-09-27T19:28:53Z,"音乐会","https://m.polyt.cn/activity/cloudTheater/detail/24,12",
"捷克国家芭蕾舞团全新演绎柴可夫斯基《胡桃夹子》","e543a189-bfbe-46ed-a5b9-22103fdd36cc","82d3b669-3ab5-4348-9957-1275393def7b",2020-09-27T19:28:54Z,2020-09-27T19:28:54Z,"戏剧","https://m.polyt.cn/activity/cloudTheater/detail/10,11","捷克国家芭蕾舞团全新演绎"
"北方昆曲剧院《红楼梦·共读西厢》","e579d2bc-dd78-411e-8ce8-39623e500ea0","82d3b669-3ab5-4348-9957-1275393def7b",2020-09-27T19:28:53Z,2020-09-27T19:28:53Z,"戏曲","https://m.polyt.cn/activity/cloudTheater/detail/2,52",
"京剧《锁麟囊》","e5950354-a135-41f6-9dc0-4d6173a73538","82d3b669-3ab5-4348-9957-1275393def7b",2020-09-27T19:28:53Z,2020-09-27T19:28:53Z,"戏曲","https://m.polyt.cn/activity/cloudTheater/detail/5,51",
"新编历史京剧《闯王进京》","e8c95c89-f746-4d42-846c-cc7dbe3e0bae","82d3b669-3ab5-4348-9957-1275393def7b",2020-09-27T19:28:53Z,2020-09-27T19:28:53Z,"戏曲","https://m.polyt.cn/activity/cloudTheater/detail/8,51","形象展示此次农民起义失败的历史教训。"
"央华戏剧《明年此时》","e9803b0f-f09a-4afe-ab6f-f357be5e0dd6","82d3b669-3ab5-4348-9957-1275393def7b",2020-09-27T19:28:53Z,2020-09-28T08:23:08Z,"戏剧","https://m.polyt.cn/activity/cloudTheater/detail/14","蒋雯丽、刘钧演绎百老汇经典名剧"
"婺剧《箬寮风雷》","e9a8e260-1c28-4864-a5ca-ce96831a33f4","82d3b669-3ab5-4348-9957-1275393def7b",2020-09-27T19:28:53Z,2020-09-27T19:28:53Z,"戏曲","https://m.polyt.cn/activity/cloudTheater/detail/3,54",
"明韵—李凤云、王建欣琴埙箫音乐会","efc2a539-d118-4b01-9e25-e03d616f316d","82d3b669-3ab5-4348-9957-1275393def7b",2020-09-27T19:28:52Z,2020-09-27T19:28:52Z,"音乐会","https://m.polyt.cn/activity/cloudTheater/detail/6,23",
"琉森音乐节管弦乐团演奏马勒第五交响曲及贝多芬协奏曲","efc9c4ea-716f-4f2a-84bf-5ecdf2d32a83","82d3b669-3ab5-4348-9957-1275393def7b",2020-09-27T19:28:53Z,2020-09-27T19:28:53Z,"音乐会","https://m.polyt.cn/activity/cloudTheater/detail/20,12",
"厦门六中合唱团《鱼歌》-吉岛音乐制作","f010624c-d656-420a-b37e-a13eaa9d52f2","82d3b669-3ab5-4348-9957-1275393def7b",2020-09-27T19:28:52Z,2020-09-27T19:28:52Z,"音乐会","https://m.polyt.cn/activity/cloudTheater/detail/24",
"艾米尔·努恩与丹麦国家交响乐团呈现了斑斓的游戏音乐世界","f48d19a5-7db3-4d6b-b4d1-24220665bf9e","82d3b669-3ab5-4348-9957-1275393def7b",2020-09-27T19:28:52Z,2020-09-27T19:28:52Z,"音乐会","https://m.polyt.cn/activity/cloudTheater/detail/14,22","带你回到那些陪伴你走过青春的游戏世界"
"曾震惊世界的《春之祭》——由乌维·肖尔兹再次创作的两幕芭蕾舞剧","f5a6ad8c-25c7-4bf7-9b0a-a6caa13ce91c","82d3b669-3ab5-4348-9957-1275393def7b",2020-09-27T19:28:54Z,2020-09-27T19:28:54Z,"戏剧","https://m.polyt.cn/activity/cloudTheater/detail/11,12","德国编舞大师乌维·肖尔兹职业生涯重要作品"
"光束专访：《犹太城》：看不到明天的晨曦，今天的生活还要继续 ","f6444e5e-7b21-40e1-a8ca-62d0cfca1966","82d3b669-3ab5-4348-9957-1275393def7b",2020-09-27T19:28:56Z,2020-09-27T19:28:56Z,"人物","https://m.polyt.cn/activity/cloudTheater/detail/6,32",
"BBC交响乐团及萨德勒威尔斯管弦乐团与伊萨克·帕尔曼合作圣桑和埃尔加作品","f657a6ce-9948-4982-800c-fd78fce44f57","82d3b669-3ab5-4348-9957-1275393def7b",2020-09-27T19:28:53Z,2020-09-27T19:28:53Z,"音乐会","https://m.polyt.cn/activity/cloudTheater/detail/21,11",
"音乐会：2004琉森音乐节庆典音乐会","fa3b3f10-5a85-400e-8c62-650af32f3952","82d3b669-3ab5-4348-9957-1275393def7b",2020-09-27T19:28:52Z,2020-09-27T19:28:52Z,"音乐会","https://m.polyt.cn/activity/cloudTheater/detail/11,22","2004年，阿巴多率领乐团奉上开幕音乐会"
"京剧《生活秀》","fa5de41b-6441-4ce5-9d2d-bf7cc340c2fe","82d3b669-3ab5-4348-9957-1275393def7b",2020-09-27T19:28:53Z,2020-09-27T19:28:53Z,"戏曲","https://m.polyt.cn/activity/cloudTheater/detail/3,52",
"仙境之音—世界名曲浪漫竖琴音乐会","fc7046e2-863a-4839-8883-4b0f9a5377e3","82d3b669-3ab5-4348-9957-1275393def7b",2020-09-27T19:28:52Z,2020-09-27T19:28:52Z,"音乐会","https://m.polyt.cn/activity/cloudTheater/detail/4,24",
"歌剧《弄臣》","fcb0a064-9a6f-4e9f-88b9-86b40e299574","82d3b669-3ab5-4348-9957-1275393def7b",2020-09-27T19:28:54Z,2020-09-27T19:28:54Z,"戏剧","https://m.polyt.cn/activity/cloudTheater/detail/18,11",
"越剧《西施断缆》：诸暨市越剧团二零零九年复排演出","fcbf515c-0847-4e7a-8a93-205610a6c7ee","82d3b669-3ab5-4348-9957-1275393def7b",2020-09-27T19:28:53Z,2020-09-27T19:28:53Z,"戏曲","https://m.polyt.cn/activity/cloudTheater/detail/10,51","一代美人演绎一曲舍身取义的正气之歌"
